ad_id,title,description,image_url
1,Limited Offer,Shop the latest trends at unbeatable prices,https://via.placeholder.com/150?text=Ad+1
2,Flash Sale,Check out our exclusive new arrivals,https://via.placeholder.com/150?text=Ad+2
3,Just Dropped,Shop the latest trends at unbeatable prices,https://via.placeholder.com/150?text=Ad+3
4,Limited Offer,Hurry! Offer valid till stocks last,https://via.placeholder.com/150?text=Ad+4
5,Flash Sale,Shop the latest trends at unbeatable prices,https://via.placeholder.com/150?text=Ad+5
6,Just Dropped,Best deals for this season,https://via.placeholder.com/150?text=Ad+6
7,Editor's Pick,Up to 70% off on select items,https://via.placeholder.com/150?text=Ad+7
8,Just Dropped,Online only exclusive deal,https://via.placeholder.com/150?text=Ad+8
9,Trending Now,Best deals for this season,https://via.placeholder.com/150?text=Ad+9
10,Trending Now,Hurry! Offer valid till stocks last,https://via.placeholder.com/150?text=Ad+10
11,Just Dropped,Grab before it's gone!,https://via.placeholder.com/150?text=Ad+11
12,New Collection,Hurry! Offer valid till stocks last,https://via.placeholder.com/150?text=Ad+12
13,Editor's Pick,Don't miss our weekend bonanza,https://via.placeholder.com/150?text=Ad+13
14,Trending Now,Check out our exclusive new arrivals,https://via.placeholder.com/150?text=Ad+14
15,Mega Discount,Check out our exclusive new arrivals,https://via.placeholder.com/150?text=Ad+15
16,Editor's Pick,Hurry! Offer valid till stocks last,https://via.placeholder.com/150?text=Ad+16
17,Clearance Sale,Best deals for this season,https://via.placeholder.com/150?text=Ad+17
18,Editor's Pick,Best deals for this season,https://via.placeholder.com/150?text=Ad+18
19,Hot Deals,Best deals for this season,https://via.placeholder.com/150?text=Ad+19
20,New Collection,Check out our exclusive new arrivals,https://via.placeholder.com/150?text=Ad+20
21,New Collection,Limited stock remaining,https://via.placeholder.com/150?text=Ad+21
22,Mega Discount,Best deals for this season,https://via.placeholder.com/150?text=Ad+22
23,Clearance Sale,Limited stock remaining,https://via.placeholder.com/150?text=Ad+23
24,Buy 1 Get 1,Up to 70% off on select items,https://via.placeholder.com/150?text=Ad+24
25,Flash Sale,Up to 70% off on select items,https://via.placeholder.com/150?text=Ad+25
26,Buy 1 Get 1,New users get extra cashback,https://via.placeholder.com/150?text=Ad+26
27,Flash Sale,Don't miss our weekend bonanza,https://via.placeholder.com/150?text=Ad+27
28,Buy 1 Get 1,Hurry! Offer valid till stocks last,https://via.placeholder.com/150?text=Ad+28
29,Limited Offer,Don't miss our weekend bonanza,https://via.placeholder.com/150?text=Ad+29
30,Hot Deals,Hurry! Offer valid till stocks last,https://via.placeholder.com/150?text=Ad+30
31,Hot Deals,Limited stock remaining,https://via.placeholder.com/150?text=Ad+31
32,New Collection,Check out our exclusive new arrivals,https://via.placeholder.com/150?text=Ad+32
33,Flash Sale,Online only exclusive deal,https://via.placeholder.com/150?text=Ad+33
34,Editor's Pick,Don't miss our weekend bonanza,https://via.placeholder.com/150?text=Ad+34
35,Flash Sale,Best deals for this season,https://via.placeholder.com/150?text=Ad+35
36,Just Dropped,Shop the latest trends at unbeatable prices,https://via.placeholder.com/150?text=Ad+36
37,Limited Offer,New users get extra cashback,https://via.placeholder.com/150?text=Ad+37
38,Just Dropped,Hurry! Offer valid till stocks last,https://via.placeholder.com/150?text=Ad+38
39,New Collection,Limited stock remaining,https://via.placeholder.com/150?text=Ad+39
40,Limited Offer,Limited stock remaining,https://via.placeholder.com/150?text=Ad+40
41,Mega Discount,Online only exclusive deal,https://via.placeholder.com/150?text=Ad+41
42,Trending Now,Online only exclusive deal,https://via.placeholder.com/150?text=Ad+42
43,Buy 1 Get 1,Hurry! Offer valid till stocks last,https://via.placeholder.com/150?text=Ad+43
44,Just Dropped,Don't miss our weekend bonanza,https://via.placeholder.com/150?text=Ad+44
45,Hot Deals,Check out our exclusive new arrivals,https://via.placeholder.com/150?text=Ad+45
46,Editor's Pick,Limited stock remaining,https://via.placeholder.com/150?text=Ad+46
47,Just Dropped,Check out our exclusive new arrivals,https://via.placeholder.com/150?text=Ad+47
48,Clearance Sale,Grab before it's gone!,https://via.placeholder.com/150?text=Ad+48
49,Hot Deals,Hurry! Offer valid till stocks last,https://via.placeholder.com/150?text=Ad+49
50,Just Dropped,Don't miss our weekend bonanza,https://via.placeholder.com/150?text=Ad+50
51,Mega Discount,Don't miss our weekend bonanza,https://via.placeholder.com/150?text=Ad+51
52,Hot Deals,Limited stock remaining,https://via.placeholder.com/150?text=Ad+52
53,Mega Discount,Hurry! Offer valid till stocks last,https://via.placeholder.com/150?text=Ad+53
54,Trending Now,Don't miss our weekend bonanza,https://via.placeholder.com/150?text=Ad+54
55,Trending Now,Check out our exclusive new arrivals,https://via.placeholder.com/150?text=Ad+55
56,Trending Now,Hurry! Offer valid till stocks last,https://via.placeholder.com/150?text=Ad+56
57,Editor's Pick,Limited stock remaining,https://via.placeholder.com/150?text=Ad+57
58,Trending Now,Shop the latest trends at unbeatable prices,https://via.placeholder.com/150?text=Ad+58
59,Trending Now,Limited stock remaining,https://via.placeholder.com/150?text=Ad+59
60,Trending Now,New users get extra cashback,https://via.placeholder.com/150?text=Ad+60
61,Editor's Pick,Up to 70% off on select items,https://via.placeholder.com/150?text=Ad+61
62,Buy 1 Get 1,Online only exclusive deal,https://via.placeholder.com/150?text=Ad+62
63,Trending Now,Don't miss our weekend bonanza,https://via.placeholder.com/150?text=Ad+63
64,Mega Discount,Online only exclusive deal,https://via.placeholder.com/150?text=Ad+64
65,Editor's Pick,Up to 70% off on select items,https://via.placeholder.com/150?text=Ad+65
66,Clearance Sale,Shop the latest trends at unbeatable prices,https://via.placeholder.com/150?text=Ad+66
67,Flash Sale,Grab before it's gone!,https://via.placeholder.com/150?text=Ad+67
68,Hot Deals,New users get extra cashback,https://via.placeholder.com/150?text=Ad+68
69,Just Dropped,Limited stock remaining,https://via.placeholder.com/150?text=Ad+69
70,New Collection,Check out our exclusive new arrivals,https://via.placeholder.com/150?text=Ad+70
71,Clearance Sale,Don't miss our weekend bonanza,https://via.placeholder.com/150?text=Ad+71
72,Just Dropped,New users get extra cashback,https://via.placeholder.com/150?text=Ad+72
73,New Collection,Shop the latest trends at unbeatable prices,https://via.placeholder.com/150?text=Ad+73
74,Clearance Sale,Online only exclusive deal,https://via.placeholder.com/150?text=Ad+74
75,Mega Discount,Online only exclusive deal,https://via.placeholder.com/150?text=Ad+75
76,Editor's Pick,New users get extra cashback,https://via.placeholder.com/150?text=Ad+76
77,Hot Deals,Grab before it's gone!,https://via.placeholder.com/150?text=Ad+77
78,Buy 1 Get 1,Up to 70% off on select items,https://via.placeholder.com/150?text=Ad+78
79,Just Dropped,Don't miss our weekend bonanza,https://via.placeholder.com/150?text=Ad+79
80,Hot Deals,Hurry! Offer valid till stocks last,https://via.placeholder.com/150?text=Ad+80
81,New Collection,Check out our exclusive new arrivals,https://via.placeholder.com/150?text=Ad+81
82,Buy 1 Get 1,Don't miss our weekend bonanza,https://via.placeholder.com/150?text=Ad+82
83,Buy 1 Get 1,New users get extra cashback,https://via.placeholder.com/150?text=Ad+83
84,Mega Discount,Grab before it's gone!,https://via.placeholder.com/150?text=Ad+84
85,Flash Sale,Don't miss our weekend bonanza,https://via.placeholder.com/150?text=Ad+85
86,Flash Sale,Check out our exclusive new arrivals,https://via.placeholder.com/150?text=Ad+86
87,Clearance Sale,Shop the latest trends at unbeatable prices,https://via.placeholder.com/150?text=Ad+87
88,Just Dropped,Limited stock remaining,https://via.placeholder.com/150?text=Ad+88
89,Flash Sale,Shop the latest trends at unbeatable prices,https://via.placeholder.com/150?text=Ad+89
90,Just Dropped,Don't miss our weekend bonanza,https://via.placeholder.com/150?text=Ad+90
91,Clearance Sale,Up to 70% off on select items,https://via.placeholder.com/150?text=Ad+91
92,Hot Deals,Best deals for this season,https://via.placeholder.com/150?text=Ad+92
93,Hot Deals,Hurry! Offer valid till stocks last,https://via.placeholder.com/150?text=Ad+93
94,Buy 1 Get 1,Best deals for this season,https://via.placeholder.com/150?text=Ad+94
95,New Collection,New users get extra cashback,https://via.placeholder.com/150?text=Ad+95
96,Just Dropped,Shop the latest trends at unbeatable prices,https://via.placeholder.com/150?text=Ad+96
97,Just Dropped,New users get extra cashback,https://via.placeholder.com/150?text=Ad+97
98,Just Dropped,Shop the latest trends at unbeatable prices,https://via.placeholder.com/150?text=Ad+98
99,Buy 1 Get 1,Hurry! Offer valid till stocks last,https://via.placeholder.com/150?text=Ad+99
100,Hot Deals,Shop the latest trends at unbeatable prices,https://via.placeholder.com/150?text=Ad+100
101,Flash Sale,Best deals for this season,https://via.placeholder.com/150?text=Ad+101
102,Limited Offer,Up to 70% off on select items,https://via.placeholder.com/150?text=Ad+102
103,Flash Sale,Up to 70% off on select items,https://via.placeholder.com/150?text=Ad+103
104,Hot Deals,Check out our exclusive new arrivals,https://via.placeholder.com/150?text=Ad+104
105,Mega Discount,Shop the latest trends at unbeatable prices,https://via.placeholder.com/150?text=Ad+105
106,Trending Now,Best deals for this season,https://via.placeholder.com/150?text=Ad+106
107,Just Dropped,Check out our exclusive new arrivals,https://via.placeholder.com/150?text=Ad+107
108,Mega Discount,Limited stock remaining,https://via.placeholder.com/150?text=Ad+108
109,Clearance Sale,Grab before it's gone!,https://via.placeholder.com/150?text=Ad+109
110,Hot Deals,Best deals for this season,https://via.placeholder.com/150?text=Ad+110
111,Mega Discount,Limited stock remaining,https://via.placeholder.com/150?text=Ad+111
112,Mega Discount,Check out our exclusive new arrivals,https://via.placeholder.com/150?text=Ad+112
113,Mega Discount,Don't miss our weekend bonanza,https://via.placeholder.com/150?text=Ad+113
114,Just Dropped,Best deals for this season,https://via.placeholder.com/150?text=Ad+114
115,Hot Deals,Best deals for this season,https://via.placeholder.com/150?text=Ad+115
116,Just Dropped,Up to 70% off on select items,https://via.placeholder.com/150?text=Ad+116
117,New Collection,Hurry! Offer valid till stocks last,https://via.placeholder.com/150?text=Ad+117
118,Mega Discount,Up to 70% off on select items,https://via.placeholder.com/150?text=Ad+118
119,Flash Sale,Best deals for this season,https://via.placeholder.com/150?text=Ad+119
120,Editor's Pick,Hurry! Offer valid till stocks last,https://via.placeholder.com/150?text=Ad+120
121,Limited Offer,Grab before it's gone!,https://via.placeholder.com/150?text=Ad+121
122,Buy 1 Get 1,Up to 70% off on select items,https://via.placeholder.com/150?text=Ad+122
123,Mega Discount,Online only exclusive deal,https://via.placeholder.com/150?text=Ad+123
124,Buy 1 Get 1,Shop the latest trends at unbeatable prices,https://via.placeholder.com/150?text=Ad+124
125,Hot Deals,Don't miss our weekend bonanza,https://via.placeholder.com/150?text=Ad+125
126,Hot Deals,Limited stock remaining,https://via.placeholder.com/150?text=Ad+126
127,Just Dropped,Don't miss our weekend bonanza,https://via.placeholder.com/150?text=Ad+127
128,Clearance Sale,Check out our exclusive new arrivals,https://via.placeholder.com/150?text=Ad+128
129,Trending Now,Hurry! Offer valid till stocks last,https://via.placeholder.com/150?text=Ad+129
130,Just Dropped,Up to 70% off on select items,https://via.placeholder.com/150?text=Ad+130
131,Mega Discount,Best deals for this season,https://via.placeholder.com/150?text=Ad+131
132,Trending Now,New users get extra cashback,https://via.placeholder.com/150?text=Ad+132
133,Clearance Sale,Online only exclusive deal,https://via.placeholder.com/150?text=Ad+133
134,Flash Sale,Shop the latest trends at unbeatable prices,https://via.placeholder.com/150?text=Ad+134
135,Buy 1 Get 1,Up to 70% off on select items,https://via.placeholder.com/150?text=Ad+135
136,Limited Offer,Up to 70% off on select items,https://via.placeholder.com/150?text=Ad+136
137,Limited Offer,Don't miss our weekend bonanza,https://via.placeholder.com/150?text=Ad+137
138,Flash Sale,Don't miss our weekend bonanza,https://via.placeholder.com/150?text=Ad+138
139,Editor's Pick,Grab before it's gone!,https://via.placeholder.com/150?text=Ad+139
140,Buy 1 Get 1,New users get extra cashback,https://via.placeholder.com/150?text=Ad+140
141,Trending Now,Check out our exclusive new arrivals,https://via.placeholder.com/150?text=Ad+141
142,Trending Now,New users get extra cashback,https://via.placeholder.com/150?text=Ad+142
143,Limited Offer,Limited stock remaining,https://via.placeholder.com/150?text=Ad+143
144,Hot Deals,Hurry! Offer valid till stocks last,https://via.placeholder.com/150?text=Ad+144
145,Editor's Pick,Grab before it's gone!,https://via.placeholder.com/150?text=Ad+145
146,Clearance Sale,New users get extra cashback,https://via.placeholder.com/150?text=Ad+146
147,Just Dropped,Don't miss our weekend bonanza,https://via.placeholder.com/150?text=Ad+147
148,New Collection,Hurry! Offer valid till stocks last,https://via.placeholder.com/150?text=Ad+148
149,Trending Now,Grab before it's gone!,https://via.placeholder.com/150?text=Ad+149
150,Clearance Sale,New users get extra cashback,https://via.placeholder.com/150?text=Ad+150
151,Hot Deals,Shop the latest trends at unbeatable prices,https://via.placeholder.com/150?text=Ad+151
152,Editor's Pick,Limited stock remaining,https://via.placeholder.com/150?text=Ad+152
153,Clearance Sale,Limited stock remaining,https://via.placeholder.com/150?text=Ad+153
154,New Collection,Limited stock remaining,https://via.placeholder.com/150?text=Ad+154
155,Buy 1 Get 1,Online only exclusive deal,https://via.placeholder.com/150?text=Ad+155
156,Flash Sale,Don't miss our weekend bonanza,https://via.placeholder.com/150?text=Ad+156
157,Trending Now,Check out our exclusive new arrivals,https://via.placeholder.com/150?text=Ad+157
158,Buy 1 Get 1,Check out our exclusive new arrivals,https://via.placeholder.com/150?text=Ad+158
159,Limited Offer,Check out our exclusive new arrivals,https://via.placeholder.com/150?text=Ad+159
160,Editor's Pick,Limited stock remaining,https://via.placeholder.com/150?text=Ad+160
161,Clearance Sale,Online only exclusive deal,https://via.placeholder.com/150?text=Ad+161
162,New Collection,Grab before it's gone!,https://via.placeholder.com/150?text=Ad+162
163,Hot Deals,Online only exclusive deal,https://via.placeholder.com/150?text=Ad+163
164,Editor's Pick,Online only exclusive deal,https://via.placeholder.com/150?text=Ad+164
165,Trending Now,New users get extra cashback,https://via.placeholder.com/150?text=Ad+165
166,Trending Now,Online only exclusive deal,https://via.placeholder.com/150?text=Ad+166
167,Clearance Sale,Up to 70% off on select items,https://via.placeholder.com/150?text=Ad+167
168,Mega Discount,Don't miss our weekend bonanza,https://via.placeholder.com/150?text=Ad+168
169,Mega Discount,Don't miss our weekend bonanza,https://via.placeholder.com/150?text=Ad+169
170,New Collection,Grab before it's gone!,https://via.placeholder.com/150?text=Ad+170
171,Mega Discount,Online only exclusive deal,https://via.placeholder.com/150?text=Ad+171
172,Clearance Sale,Shop the latest trends at unbeatable prices,https://via.placeholder.com/150?text=Ad+172
173,Trending Now,Online only exclusive deal,https://via.placeholder.com/150?text=Ad+173
174,Flash Sale,New users get extra cashback,https://via.placeholder.com/150?text=Ad+174
175,New Collection,Don't miss our weekend bonanza,https://via.placeholder.com/150?text=Ad+175
176,Hot Deals,Limited stock remaining,https://via.placeholder.com/150?text=Ad+176
177,Editor's Pick,Check out our exclusive new arrivals,https://via.placeholder.com/150?text=Ad+177
178,Just Dropped,Online only exclusive deal,https://via.placeholder.com/150?text=Ad+178
179,Limited Offer,Don't miss our weekend bonanza,https://via.placeholder.com/150?text=Ad+179
180,Hot Deals,Check out our exclusive new arrivals,https://via.placeholder.com/150?text=Ad+180
181,Clearance Sale,Best deals for this season,https://via.placeholder.com/150?text=Ad+181
182,Limited Offer,Check out our exclusive new arrivals,https://via.placeholder.com/150?text=Ad+182
183,Trending Now,Limited stock remaining,https://via.placeholder.com/150?text=Ad+183
184,Mega Discount,Grab before it's gone!,https://via.placeholder.com/150?text=Ad+184
185,Editor's Pick,Check out our exclusive new arrivals,https://via.placeholder.com/150?text=Ad+185
186,Hot Deals,Grab before it's gone!,https://via.placeholder.com/150?text=Ad+186
187,Buy 1 Get 1,Up to 70% off on select items,https://via.placeholder.com/150?text=Ad+187
188,Just Dropped,Limited stock remaining,https://via.placeholder.com/150?text=Ad+188
189,Editor's Pick,Limited stock remaining,https://via.placeholder.com/150?text=Ad+189
190,Editor's Pick,Up to 70% off on select items,https://via.placeholder.com/150?text=Ad+190
191,Editor's Pick,Online only exclusive deal,https://via.placeholder.com/150?text=Ad+191
192,Limited Offer,Check out our exclusive new arrivals,https://via.placeholder.com/150?text=Ad+192
193,Hot Deals,Hurry! Offer valid till stocks last,https://via.placeholder.com/150?text=Ad+193
194,Limited Offer,Don't miss our weekend bonanza,https://via.placeholder.com/150?text=Ad+194
195,Buy 1 Get 1,New users get extra cashback,https://via.placeholder.com/150?text=Ad+195
196,Editor's Pick,Shop the latest trends at unbeatable prices,https://via.placeholder.com/150?text=Ad+196
197,Trending Now,Best deals for this season,https://via.placeholder.com/150?text=Ad+197
198,Buy 1 Get 1,Online only exclusive deal,https://via.placeholder.com/150?text=Ad+198
199,New Collection,Best deals for this season,https://via.placeholder.com/150?text=Ad+199
200,Limited Offer,Up to 70% off on select items,https://via.placeholder.com/150?text=Ad+200
201,Limited Offer,Hurry! Offer valid till stocks last,https://via.placeholder.com/150?text=Ad+201
202,Editor's Pick,Shop the latest trends at unbeatable prices,https://via.placeholder.com/150?text=Ad+202
203,Trending Now,Grab before it's gone!,https://via.placeholder.com/150?text=Ad+203
204,Limited Offer,Shop the latest trends at unbeatable prices,https://via.placeholder.com/150?text=Ad+204
205,Mega Discount,Best deals for this season,https://via.placeholder.com/150?text=Ad+205
206,Buy 1 Get 1,Don't miss our weekend bonanza,https://via.placeholder.com/150?text=Ad+206
207,Editor's Pick,Don't miss our weekend bonanza,https://via.placeholder.com/150?text=Ad+207
208,Trending Now,Best deals for this season,https://via.placeholder.com/150?text=Ad+208
209,Trending Now,Hurry! Offer valid till stocks last,https://via.placeholder.com/150?text=Ad+209
210,Trending Now,Online only exclusive deal,https://via.placeholder.com/150?text=Ad+210
211,Hot Deals,Check out our exclusive new arrivals,https://via.placeholder.com/150?text=Ad+211
212,Hot Deals,Up to 70% off on select items,https://via.placeholder.com/150?text=Ad+212
213,Editor's Pick,Don't miss our weekend bonanza,https://via.placeholder.com/150?text=Ad+213
214,Just Dropped,Online only exclusive deal,https://via.placeholder.com/150?text=Ad+214
215,Hot Deals,Don't miss our weekend bonanza,https://via.placeholder.com/150?text=Ad+215
216,Just Dropped,Don't miss our weekend bonanza,https://via.placeholder.com/150?text=Ad+216
217,Hot Deals,Hurry! Offer valid till stocks last,https://via.placeholder.com/150?text=Ad+217
218,Buy 1 Get 1,Up to 70% off on select items,https://via.placeholder.com/150?text=Ad+218
219,Flash Sale,Grab before it's gone!,https://via.placeholder.com/150?text=Ad+219
220,Trending Now,Limited stock remaining,https://via.placeholder.com/150?text=Ad+220
221,Flash Sale,Check out our exclusive new arrivals,https://via.placeholder.com/150?text=Ad+221
222,Trending Now,Hurry! Offer valid till stocks last,https://via.placeholder.com/150?text=Ad+222
223,Mega Discount,Check out our exclusive new arrivals,https://via.placeholder.com/150?text=Ad+223
224,Trending Now,Check out our exclusive new arrivals,https://via.placeholder.com/150?text=Ad+224
225,Mega Discount,Grab before it's gone!,https://via.placeholder.com/150?text=Ad+225
226,Clearance Sale,Check out our exclusive new arrivals,https://via.placeholder.com/150?text=Ad+226
227,Trending Now,Limited stock remaining,https://via.placeholder.com/150?text=Ad+227
228,Flash Sale,Online only exclusive deal,https://via.placeholder.com/150?text=Ad+228
229,Hot Deals,Best deals for this season,https://via.placeholder.com/150?text=Ad+229
230,New Collection,Check out our exclusive new arrivals,https://via.placeholder.com/150?text=Ad+230
231,Just Dropped,Grab before it's gone!,https://via.placeholder.com/150?text=Ad+231
232,Just Dropped,Limited stock remaining,https://via.placeholder.com/150?text=Ad+232
233,Editor's Pick,Limited stock remaining,https://via.placeholder.com/150?text=Ad+233
234,Limited Offer,Don't miss our weekend bonanza,https://via.placeholder.com/150?text=Ad+234
235,Limited Offer,Best deals for this season,https://via.placeholder.com/150?text=Ad+235
236,Trending Now,Best deals for this season,https://via.placeholder.com/150?text=Ad+236
237,Mega Discount,Hurry! Offer valid till stocks last,https://via.placeholder.com/150?text=Ad+237
238,Flash Sale,Up to 70% off on select items,https://via.placeholder.com/150?text=Ad+238
239,Clearance Sale,Check out our exclusive new arrivals,https://via.placeholder.com/150?text=Ad+239
240,New Collection,Best deals for this season,https://via.placeholder.com/150?text=Ad+240
241,Buy 1 Get 1,Limited stock remaining,https://via.placeholder.com/150?text=Ad+241
242,Flash Sale,Hurry! Offer valid till stocks last,https://via.placeholder.com/150?text=Ad+242
243,Hot Deals,Best deals for this season,https://via.placeholder.com/150?text=Ad+243
244,Hot Deals,Limited stock remaining,https://via.placeholder.com/150?text=Ad+244
245,Just Dropped,Shop the latest trends at unbeatable prices,https://via.placeholder.com/150?text=Ad+245
246,Trending Now,Don't miss our weekend bonanza,https://via.placeholder.com/150?text=Ad+246
247,Buy 1 Get 1,Grab before it's gone!,https://via.placeholder.com/150?text=Ad+247
248,Flash Sale,Hurry! Offer valid till stocks last,https://via.placeholder.com/150?text=Ad+248
249,Flash Sale,Limited stock remaining,https://via.placeholder.com/150?text=Ad+249
250,Clearance Sale,New users get extra cashback,https://via.placeholder.com/150?text=Ad+250
251,Trending Now,Check out our exclusive new arrivals,https://via.placeholder.com/150?text=Ad+251
252,Buy 1 Get 1,Best deals for this season,https://via.placeholder.com/150?text=Ad+252
253,Flash Sale,Shop the latest trends at unbeatable prices,https://via.placeholder.com/150?text=Ad+253
254,New Collection,Up to 70% off on select items,https://via.placeholder.com/150?text=Ad+254
255,Mega Discount,Best deals for this season,https://via.placeholder.com/150?text=Ad+255
256,Buy 1 Get 1,Grab before it's gone!,https://via.placeholder.com/150?text=Ad+256
257,Just Dropped,Shop the latest trends at unbeatable prices,https://via.placeholder.com/150?text=Ad+257
258,Clearance Sale,Hurry! Offer valid till stocks last,https://via.placeholder.com/150?text=Ad+258
259,Clearance Sale,Best deals for this season,https://via.placeholder.com/150?text=Ad+259
260,Limited Offer,New users get extra cashback,https://via.placeholder.com/150?text=Ad+260
261,Limited Offer,Online only exclusive deal,https://via.placeholder.com/150?text=Ad+261
262,Trending Now,Check out our exclusive new arrivals,https://via.placeholder.com/150?text=Ad+262
263,Mega Discount,Hurry! Offer valid till stocks last,https://via.placeholder.com/150?text=Ad+263
264,Flash Sale,Up to 70% off on select items,https://via.placeholder.com/150?text=Ad+264
265,Buy 1 Get 1,Check out our exclusive new arrivals,https://via.placeholder.com/150?text=Ad+265
266,Clearance Sale,Shop the latest trends at unbeatable prices,https://via.placeholder.com/150?text=Ad+266
267,New Collection,Up to 70% off on select items,https://via.placeholder.com/150?text=Ad+267
268,Editor's Pick,New users get extra cashback,https://via.placeholder.com/150?text=Ad+268
269,Trending Now,Don't miss our weekend bonanza,https://via.placeholder.com/150?text=Ad+269
270,Just Dropped,Limited stock remaining,https://via.placeholder.com/150?text=Ad+270
271,Trending Now,Up to 70% off on select items,https://via.placeholder.com/150?text=Ad+271
272,Buy 1 Get 1,Shop the latest trends at unbeatable prices,https://via.placeholder.com/150?text=Ad+272
273,New Collection,Shop the latest trends at unbeatable prices,https://via.placeholder.com/150?text=Ad+273
274,Trending Now,Check out our exclusive new arrivals,https://via.placeholder.com/150?text=Ad+274
275,Editor's Pick,Check out our exclusive new arrivals,https://via.placeholder.com/150?text=Ad+275
276,Hot Deals,Shop the latest trends at unbeatable prices,https://via.placeholder.com/150?text=Ad+276
277,Clearance Sale,New users get extra cashback,https://via.placeholder.com/150?text=Ad+277
278,Mega Discount,Shop the latest trends at unbeatable prices,https://via.placeholder.com/150?text=Ad+278
279,Flash Sale,Limited stock remaining,https://via.placeholder.com/150?text=Ad+279
280,Editor's Pick,Don't miss our weekend bonanza,https://via.placeholder.com/150?text=Ad+280
281,Hot Deals,New users get extra cashback,https://via.placeholder.com/150?text=Ad+281
282,Clearance Sale,Hurry! Offer valid till stocks last,https://via.placeholder.com/150?text=Ad+282
283,Just Dropped,New users get extra cashback,https://via.placeholder.com/150?text=Ad+283
284,New Collection,Shop the latest trends at unbeatable prices,https://via.placeholder.com/150?text=Ad+284
285,Editor's Pick,Limited stock remaining,https://via.placeholder.com/150?text=Ad+285
286,Limited Offer,Up to 70% off on select items,https://via.placeholder.com/150?text=Ad+286
287,Hot Deals,Don't miss our weekend bonanza,https://via.placeholder.com/150?text=Ad+287
288,Limited Offer,New users get extra cashback,https://via.placeholder.com/150?text=Ad+288
289,Limited Offer,Shop the latest trends at unbeatable prices,https://via.placeholder.com/150?text=Ad+289
290,Limited Offer,Hurry! Offer valid till stocks last,https://via.placeholder.com/150?text=Ad+290
291,Limited Offer,Limited stock remaining,https://via.placeholder.com/150?text=Ad+291
292,Buy 1 Get 1,Online only exclusive deal,https://via.placeholder.com/150?text=Ad+292
293,Flash Sale,Online only exclusive deal,https://via.placeholder.com/150?text=Ad+293
294,New Collection,Grab before it's gone!,https://via.placeholder.com/150?text=Ad+294
295,New Collection,Grab before it's gone!,https://via.placeholder.com/150?text=Ad+295
296,Trending Now,Up to 70% off on select items,https://via.placeholder.com/150?text=Ad+296
297,Clearance Sale,Up to 70% off on select items,https://via.placeholder.com/150?text=Ad+297
298,Clearance Sale,Limited stock remaining,https://via.placeholder.com/150?text=Ad+298
299,Flash Sale,Limited stock remaining,https://via.placeholder.com/150?text=Ad+299
300,New Collection,Best deals for this season,https://via.placeholder.com/150?text=Ad+300
301,New Collection,Online only exclusive deal,https://via.placeholder.com/150?text=Ad+301
302,Limited Offer,Online only exclusive deal,https://via.placeholder.com/150?text=Ad+302
303,Clearance Sale,Up to 70% off on select items,https://via.placeholder.com/150?text=Ad+303
304,Buy 1 Get 1,Limited stock remaining,https://via.placeholder.com/150?text=Ad+304
305,Buy 1 Get 1,Limited stock remaining,https://via.placeholder.com/150?text=Ad+305
306,Buy 1 Get 1,Check out our exclusive new arrivals,https://via.placeholder.com/150?text=Ad+306
307,New Collection,Hurry! Offer valid till stocks last,https://via.placeholder.com/150?text=Ad+307
308,New Collection,New users get extra cashback,https://via.placeholder.com/150?text=Ad+308
309,Mega Discount,Grab before it's gone!,https://via.placeholder.com/150?text=Ad+309
310,Limited Offer,Hurry! Offer valid till stocks last,https://via.placeholder.com/150?text=Ad+310
311,Limited Offer,Hurry! Offer valid till stocks last,https://via.placeholder.com/150?text=Ad+311
312,Hot Deals,Check out our exclusive new arrivals,https://via.placeholder.com/150?text=Ad+312
313,New Collection,Don't miss our weekend bonanza,https://via.placeholder.com/150?text=Ad+313
314,New Collection,Limited stock remaining,https://via.placeholder.com/150?text=Ad+314
315,Editor's Pick,Shop the latest trends at unbeatable prices,https://via.placeholder.com/150?text=Ad+315
316,New Collection,Hurry! Offer valid till stocks last,https://via.placeholder.com/150?text=Ad+316
317,Mega Discount,Don't miss our weekend bonanza,https://via.placeholder.com/150?text=Ad+317
318,New Collection,Online only exclusive deal,https://via.placeholder.com/150?text=Ad+318
319,Editor's Pick,Don't miss our weekend bonanza,https://via.placeholder.com/150?text=Ad+319
320,Mega Discount,Hurry! Offer valid till stocks last,https://via.placeholder.com/150?text=Ad+320
321,Buy 1 Get 1,Don't miss our weekend bonanza,https://via.placeholder.com/150?text=Ad+321
322,Flash Sale,New users get extra cashback,https://via.placeholder.com/150?text=Ad+322
323,Mega Discount,Limited stock remaining,https://via.placeholder.com/150?text=Ad+323
324,Flash Sale,Up to 70% off on select items,https://via.placeholder.com/150?text=Ad+324
325,Trending Now,Best deals for this season,https://via.placeholder.com/150?text=Ad+325
326,Trending Now,Check out our exclusive new arrivals,https://via.placeholder.com/150?text=Ad+326
327,Trending Now,Limited stock remaining,https://via.placeholder.com/150?text=Ad+327
328,Just Dropped,New users get extra cashback,https://via.placeholder.com/150?text=Ad+328
329,Clearance Sale,Limited stock remaining,https://via.placeholder.com/150?text=Ad+329
330,Editor's Pick,Check out our exclusive new arrivals,https://via.placeholder.com/150?text=Ad+330
331,Clearance Sale,Online only exclusive deal,https://via.placeholder.com/150?text=Ad+331
332,Editor's Pick,Up to 70% off on select items,https://via.placeholder.com/150?text=Ad+332
333,Editor's Pick,Online only exclusive deal,https://via.placeholder.com/150?text=Ad+333
334,Just Dropped,Up to 70% off on select items,https://via.placeholder.com/150?text=Ad+334
335,Limited Offer,New users get extra cashback,https://via.placeholder.com/150?text=Ad+335
336,Flash Sale,Up to 70% off on select items,https://via.placeholder.com/150?text=Ad+336
337,New Collection,Check out our exclusive new arrivals,https://via.placeholder.com/150?text=Ad+337
338,New Collection,Check out our exclusive new arrivals,https://via.placeholder.com/150?text=Ad+338
339,Flash Sale,Up to 70% off on select items,https://via.placeholder.com/150?text=Ad+339
340,Mega Discount,Best deals for this season,https://via.placeholder.com/150?text=Ad+340
341,Just Dropped,Check out our exclusive new arrivals,https://via.placeholder.com/150?text=Ad+341
342,Trending Now,Online only exclusive deal,https://via.placeholder.com/150?text=Ad+342
343,Limited Offer,Best deals for this season,https://via.placeholder.com/150?text=Ad+343
344,Editor's Pick,Shop the latest trends at unbeatable prices,https://via.placeholder.com/150?text=Ad+344
345,Editor's Pick,Best deals for this season,https://via.placeholder.com/150?text=Ad+345
346,New Collection,Limited stock remaining,https://via.placeholder.com/150?text=Ad+346
347,Trending Now,Grab before it's gone!,https://via.placeholder.com/150?text=Ad+347
348,Hot Deals,Shop the latest trends at unbeatable prices,https://via.placeholder.com/150?text=Ad+348
349,Mega Discount,Best deals for this season,https://via.placeholder.com/150?text=Ad+349
350,Mega Discount,Shop the latest trends at unbeatable prices,https://via.placeholder.com/150?text=Ad+350
351,New Collection,Grab before it's gone!,https://via.placeholder.com/150?text=Ad+351
352,Just Dropped,Shop the latest trends at unbeatable prices,https://via.placeholder.com/150?text=Ad+352
353,Hot Deals,Don't miss our weekend bonanza,https://via.placeholder.com/150?text=Ad+353
354,New Collection,Up to 70% off on select items,https://via.placeholder.com/150?text=Ad+354
355,Buy 1 Get 1,Check out our exclusive new arrivals,https://via.placeholder.com/150?text=Ad+355
356,Clearance Sale,New users get extra cashback,https://via.placeholder.com/150?text=Ad+356
357,Clearance Sale,Shop the latest trends at unbeatable prices,https://via.placeholder.com/150?text=Ad+357
358,Buy 1 Get 1,Limited stock remaining,https://via.placeholder.com/150?text=Ad+358
359,New Collection,Shop the latest trends at unbeatable prices,https://via.placeholder.com/150?text=Ad+359
360,Just Dropped,Limited stock remaining,https://via.placeholder.com/150?text=Ad+360
361,Just Dropped,Limited stock remaining,https://via.placeholder.com/150?text=Ad+361
362,Just Dropped,Hurry! Offer valid till stocks last,https://via.placeholder.com/150?text=Ad+362
363,Editor's Pick,New users get extra cashback,https://via.placeholder.com/150?text=Ad+363
364,Hot Deals,Check out our exclusive new arrivals,https://via.placeholder.com/150?text=Ad+364
365,Limited Offer,Hurry! Offer valid till stocks last,https://via.placeholder.com/150?text=Ad+365
366,Hot Deals,Don't miss our weekend bonanza,https://via.placeholder.com/150?text=Ad+366
367,Hot Deals,Limited stock remaining,https://via.placeholder.com/150?text=Ad+367
368,Buy 1 Get 1,Up to 70% off on select items,https://via.placeholder.com/150?text=Ad+368
369,Mega Discount,Best deals for this season,https://via.placeholder.com/150?text=Ad+369
370,Mega Discount,Limited stock remaining,https://via.placeholder.com/150?text=Ad+370
371,Trending Now,Limited stock remaining,https://via.placeholder.com/150?text=Ad+371
372,Just Dropped,Online only exclusive deal,https://via.placeholder.com/150?text=Ad+372
373,Trending Now,Check out our exclusive new arrivals,https://via.placeholder.com/150?text=Ad+373
374,Mega Discount,Don't miss our weekend bonanza,https://via.placeholder.com/150?text=Ad+374
375,Flash Sale,Up to 70% off on select items,https://via.placeholder.com/150?text=Ad+375
376,Trending Now,Best deals for this season,https://via.placeholder.com/150?text=Ad+376
377,Just Dropped,Grab before it's gone!,https://via.placeholder.com/150?text=Ad+377
378,Hot Deals,Don't miss our weekend bonanza,https://via.placeholder.com/150?text=Ad+378
379,Just Dropped,Grab before it's gone!,https://via.placeholder.com/150?text=Ad+379
380,Clearance Sale,Check out our exclusive new arrivals,https://via.placeholder.com/150?text=Ad+380
381,Just Dropped,New users get extra cashback,https://via.placeholder.com/150?text=Ad+381
382,Hot Deals,Up to 70% off on select items,https://via.placeholder.com/150?text=Ad+382
383,Just Dropped,New users get extra cashback,https://via.placeholder.com/150?text=Ad+383
384,Just Dropped,Check out our exclusive new arrivals,https://via.placeholder.com/150?text=Ad+384
385,Mega Discount,Up to 70% off on select items,https://via.placeholder.com/150?text=Ad+385
386,Buy 1 Get 1,Check out our exclusive new arrivals,https://via.placeholder.com/150?text=Ad+386
387,Clearance Sale,Best deals for this season,https://via.placeholder.com/150?text=Ad+387
388,Just Dropped,New users get extra cashback,https://via.placeholder.com/150?text=Ad+388
389,Flash Sale,Don't miss our weekend bonanza,https://via.placeholder.com/150?text=Ad+389
390,Hot Deals,Grab before it's gone!,https://via.placeholder.com/150?text=Ad+390
391,Limited Offer,Don't miss our weekend bonanza,https://via.placeholder.com/150?text=Ad+391
392,Limited Offer,Grab before it's gone!,https://via.placeholder.com/150?text=Ad+392
393,Flash Sale,New users get extra cashback,https://via.placeholder.com/150?text=Ad+393
394,Just Dropped,Up to 70% off on select items,https://via.placeholder.com/150?text=Ad+394
395,Clearance Sale,Don't miss our weekend bonanza,https://via.placeholder.com/150?text=Ad+395
396,Mega Discount,Up to 70% off on select items,https://via.placeholder.com/150?text=Ad+396
397,Editor's Pick,Shop the latest trends at unbeatable prices,https://via.placeholder.com/150?text=Ad+397
398,Just Dropped,Hurry! Offer valid till stocks last,https://via.placeholder.com/150?text=Ad+398
399,New Collection,Check out our exclusive new arrivals,https://via.placeholder.com/150?text=Ad+399
400,Trending Now,Up to 70% off on select items,https://via.placeholder.com/150?text=Ad+400
401,Clearance Sale,Grab before it's gone!,https://via.placeholder.com/150?text=Ad+401
402,Just Dropped,Shop the latest trends at unbeatable prices,https://via.placeholder.com/150?text=Ad+402
403,Mega Discount,New users get extra cashback,https://via.placeholder.com/150?text=Ad+403
404,New Collection,Grab before it's gone!,https://via.placeholder.com/150?text=Ad+404
405,New Collection,Grab before it's gone!,https://via.placeholder.com/150?text=Ad+405
406,Trending Now,Shop the latest trends at unbeatable prices,https://via.placeholder.com/150?text=Ad+406
407,Flash Sale,Online only exclusive deal,https://via.placeholder.com/150?text=Ad+407
408,Hot Deals,Check out our exclusive new arrivals,https://via.placeholder.com/150?text=Ad+408
409,Hot Deals,Best deals for this season,https://via.placeholder.com/150?text=Ad+409
410,Flash Sale,Hurry! Offer valid till stocks last,https://via.placeholder.com/150?text=Ad+410
411,New Collection,Grab before it's gone!,https://via.placeholder.com/150?text=Ad+411
412,Flash Sale,Up to 70% off on select items,https://via.placeholder.com/150?text=Ad+412
413,Hot Deals,Up to 70% off on select items,https://via.placeholder.com/150?text=Ad+413
414,New Collection,Hurry! Offer valid till stocks last,https://via.placeholder.com/150?text=Ad+414
415,Flash Sale,Check out our exclusive new arrivals,https://via.placeholder.com/150?text=Ad+415
416,Buy 1 Get 1,Online only exclusive deal,https://via.placeholder.com/150?text=Ad+416
417,Trending Now,Hurry! Offer valid till stocks last,https://via.placeholder.com/150?text=Ad+417
418,Hot Deals,Hurry! Offer valid till stocks last,https://via.placeholder.com/150?text=Ad+418
419,Flash Sale,Shop the latest trends at unbeatable prices,https://via.placeholder.com/150?text=Ad+419
420,New Collection,Best deals for this season,https://via.placeholder.com/150?text=Ad+420
421,Just Dropped,Check out our exclusive new arrivals,https://via.placeholder.com/150?text=Ad+421
422,Flash Sale,Check out our exclusive new arrivals,https://via.placeholder.com/150?text=Ad+422
423,New Collection,Shop the latest trends at unbeatable prices,https://via.placeholder.com/150?text=Ad+423
424,Just Dropped,Don't miss our weekend bonanza,https://via.placeholder.com/150?text=Ad+424
425,Flash Sale,New users get extra cashback,https://via.placeholder.com/150?text=Ad+425
426,Buy 1 Get 1,New users get extra cashback,https://via.placeholder.com/150?text=Ad+426
427,Hot Deals,Grab before it's gone!,https://via.placeholder.com/150?text=Ad+427
428,New Collection,Online only exclusive deal,https://via.placeholder.com/150?text=Ad+428
429,New Collection,Shop the latest trends at unbeatable prices,https://via.placeholder.com/150?text=Ad+429
430,Hot Deals,Check out our exclusive new arrivals,https://via.placeholder.com/150?text=Ad+430
431,Buy 1 Get 1,Best deals for this season,https://via.placeholder.com/150?text=Ad+431
432,New Collection,Online only exclusive deal,https://via.placeholder.com/150?text=Ad+432
433,Mega Discount,Shop the latest trends at unbeatable prices,https://via.placeholder.com/150?text=Ad+433
434,Editor's Pick,Limited stock remaining,https://via.placeholder.com/150?text=Ad+434
435,Buy 1 Get 1,Best deals for this season,https://via.placeholder.com/150?text=Ad+435
436,Hot Deals,Shop the latest trends at unbeatable prices,https://via.placeholder.com/150?text=Ad+436
437,Mega Discount,Up to 70% off on select items,https://via.placeholder.com/150?text=Ad+437
438,Trending Now,Up to 70% off on select items,https://via.placeholder.com/150?text=Ad+438
439,Limited Offer,Don't miss our weekend bonanza,https://via.placeholder.com/150?text=Ad+439
440,Buy 1 Get 1,Grab before it's gone!,https://via.placeholder.com/150?text=Ad+440
441,Hot Deals,Shop the latest trends at unbeatable prices,https://via.placeholder.com/150?text=Ad+441
442,Buy 1 Get 1,Shop the latest trends at unbeatable prices,https://via.placeholder.com/150?text=Ad+442
443,Flash Sale,Grab before it's gone!,https://via.placeholder.com/150?text=Ad+443
444,Clearance Sale,Limited stock remaining,https://via.placeholder.com/150?text=Ad+444
445,Trending Now,New users get extra cashback,https://via.placeholder.com/150?text=Ad+445
446,Clearance Sale,Grab before it's gone!,https://via.placeholder.com/150?text=Ad+446
447,Editor's Pick,Hurry! Offer valid till stocks last,https://via.placeholder.com/150?text=Ad+447
448,Hot Deals,Hurry! Offer valid till stocks last,https://via.placeholder.com/150?text=Ad+448
449,New Collection,Limited stock remaining,https://via.placeholder.com/150?text=Ad+449
450,Mega Discount,New users get extra cashback,https://via.placeholder.com/150?text=Ad+450
451,Limited Offer,Best deals for this season,https://via.placeholder.com/150?text=Ad+451
452,Hot Deals,Check out our exclusive new arrivals,https://via.placeholder.com/150?text=Ad+452
453,Limited Offer,Don't miss our weekend bonanza,https://via.placeholder.com/150?text=Ad+453
454,Editor's Pick,Shop the latest trends at unbeatable prices,https://via.placeholder.com/150?text=Ad+454
455,Mega Discount,Check out our exclusive new arrivals,https://via.placeholder.com/150?text=Ad+455
456,Hot Deals,Online only exclusive deal,https://via.placeholder.com/150?text=Ad+456
457,Buy 1 Get 1,Hurry! Offer valid till stocks last,https://via.placeholder.com/150?text=Ad+457
458,New Collection,Up to 70% off on select items,https://via.placeholder.com/150?text=Ad+458
459,Mega Discount,Up to 70% off on select items,https://via.placeholder.com/150?text=Ad+459
460,Clearance Sale,Don't miss our weekend bonanza,https://via.placeholder.com/150?text=Ad+460
461,Trending Now,Grab before it's gone!,https://via.placeholder.com/150?text=Ad+461
462,Hot Deals,Grab before it's gone!,https://via.placeholder.com/150?text=Ad+462
463,New Collection,Online only exclusive deal,https://via.placeholder.com/150?text=Ad+463
464,Flash Sale,Grab before it's gone!,https://via.placeholder.com/150?text=Ad+464
465,Just Dropped,Limited stock remaining,https://via.placeholder.com/150?text=Ad+465
466,Hot Deals,Limited stock remaining,https://via.placeholder.com/150?text=Ad+466
467,Just Dropped,Online only exclusive deal,https://via.placeholder.com/150?text=Ad+467
468,Hot Deals,Shop the latest trends at unbeatable prices,https://via.placeholder.com/150?text=Ad+468
469,New Collection,Online only exclusive deal,https://via.placeholder.com/150?text=Ad+469
470,Just Dropped,Check out our exclusive new arrivals,https://via.placeholder.com/150?text=Ad+470
471,Buy 1 Get 1,Best deals for this season,https://via.placeholder.com/150?text=Ad+471
472,New Collection,Don't miss our weekend bonanza,https://via.placeholder.com/150?text=Ad+472
473,Flash Sale,Shop the latest trends at unbeatable prices,https://via.placeholder.com/150?text=Ad+473
474,Hot Deals,Check out our exclusive new arrivals,https://via.placeholder.com/150?text=Ad+474
475,Trending Now,Up to 70% off on select items,https://via.placeholder.com/150?text=Ad+475
476,Clearance Sale,Up to 70% off on select items,https://via.placeholder.com/150?text=Ad+476
477,Flash Sale,Limited stock remaining,https://via.placeholder.com/150?text=Ad+477
478,Clearance Sale,Limited stock remaining,https://via.placeholder.com/150?text=Ad+478
479,Mega Discount,Best deals for this season,https://via.placeholder.com/150?text=Ad+479
480,Clearance Sale,Best deals for this season,https://via.placeholder.com/150?text=Ad+480
481,Clearance Sale,Shop the latest trends at unbeatable prices,https://via.placeholder.com/150?text=Ad+481
482,Editor's Pick,Online only exclusive deal,https://via.placeholder.com/150?text=Ad+482
483,Limited Offer,Shop the latest trends at unbeatable prices,https://via.placeholder.com/150?text=Ad+483
484,Clearance Sale,Hurry! Offer valid till stocks last,https://via.placeholder.com/150?text=Ad+484
485,Flash Sale,New users get extra cashback,https://via.placeholder.com/150?text=Ad+485
486,Mega Discount,Don't miss our weekend bonanza,https://via.placeholder.com/150?text=Ad+486
487,Hot Deals,New users get extra cashback,https://via.placeholder.com/150?text=Ad+487
488,Editor's Pick,Best deals for this season,https://via.placeholder.com/150?text=Ad+488
489,Hot Deals,Limited stock remaining,https://via.placeholder.com/150?text=Ad+489
490,Limited Offer,Limited stock remaining,https://via.placeholder.com/150?text=Ad+490
491,Editor's Pick,New users get extra cashback,https://via.placeholder.com/150?text=Ad+491
492,Mega Discount,Up to 70% off on select items,https://via.placeholder.com/150?text=Ad+492
493,Editor's Pick,Online only exclusive deal,https://via.placeholder.com/150?text=Ad+493
494,New Collection,Best deals for this season,https://via.placeholder.com/150?text=Ad+494
495,Editor's Pick,Limited stock remaining,https://via.placeholder.com/150?text=Ad+495
496,Hot Deals,Grab before it's gone!,https://via.placeholder.com/150?text=Ad+496
497,Clearance Sale,Don't miss our weekend bonanza,https://via.placeholder.com/150?text=Ad+497
498,Mega Discount,Grab before it's gone!,https://via.placeholder.com/150?text=Ad+498
499,Mega Discount,Hurry! Offer valid till stocks last,https://via.placeholder.com/150?text=Ad+499
500,Clearance Sale,Don't miss our weekend bonanza,https://via.placeholder.com/150?text=Ad+500
501,Clearance Sale,Up to 70% off on select items,https://via.placeholder.com/150?text=Ad+501
502,Just Dropped,New users get extra cashback,https://via.placeholder.com/150?text=Ad+502
503,Buy 1 Get 1,Hurry! Offer valid till stocks last,https://via.placeholder.com/150?text=Ad+503
504,Limited Offer,Limited stock remaining,https://via.placeholder.com/150?text=Ad+504
505,Editor's Pick,Limited stock remaining,https://via.placeholder.com/150?text=Ad+505
506,Trending Now,Up to 70% off on select items,https://via.placeholder.com/150?text=Ad+506
507,Mega Discount,Limited stock remaining,https://via.placeholder.com/150?text=Ad+507
508,Just Dropped,Up to 70% off on select items,https://via.placeholder.com/150?text=Ad+508
509,Editor's Pick,Don't miss our weekend bonanza,https://via.placeholder.com/150?text=Ad+509
510,Clearance Sale,Check out our exclusive new arrivals,https://via.placeholder.com/150?text=Ad+510
511,Trending Now,Shop the latest trends at unbeatable prices,https://via.placeholder.com/150?text=Ad+511
512,Trending Now,Up to 70% off on select items,https://via.placeholder.com/150?text=Ad+512
513,Editor's Pick,Check out our exclusive new arrivals,https://via.placeholder.com/150?text=Ad+513
514,Flash Sale,New users get extra cashback,https://via.placeholder.com/150?text=Ad+514
515,Flash Sale,Shop the latest trends at unbeatable prices,https://via.placeholder.com/150?text=Ad+515
516,New Collection,Online only exclusive deal,https://via.placeholder.com/150?text=Ad+516
517,Mega Discount,Online only exclusive deal,https://via.placeholder.com/150?text=Ad+517
518,Buy 1 Get 1,Check out our exclusive new arrivals,https://via.placeholder.com/150?text=Ad+518
519,New Collection,Check out our exclusive new arrivals,https://via.placeholder.com/150?text=Ad+519
520,Clearance Sale,Hurry! Offer valid till stocks last,https://via.placeholder.com/150?text=Ad+520
521,New Collection,Best deals for this season,https://via.placeholder.com/150?text=Ad+521
522,Clearance Sale,Limited stock remaining,https://via.placeholder.com/150?text=Ad+522
523,Buy 1 Get 1,Shop the latest trends at unbeatable prices,https://via.placeholder.com/150?text=Ad+523
524,Mega Discount,Best deals for this season,https://via.placeholder.com/150?text=Ad+524
525,Just Dropped,Grab before it's gone!,https://via.placeholder.com/150?text=Ad+525
526,Trending Now,Online only exclusive deal,https://via.placeholder.com/150?text=Ad+526
527,Mega Discount,Hurry! Offer valid till stocks last,https://via.placeholder.com/150?text=Ad+527
528,Just Dropped,Up to 70% off on select items,https://via.placeholder.com/150?text=Ad+528
529,Trending Now,Online only exclusive deal,https://via.placeholder.com/150?text=Ad+529
530,Clearance Sale,Online only exclusive deal,https://via.placeholder.com/150?text=Ad+530
531,Trending Now,Grab before it's gone!,https://via.placeholder.com/150?text=Ad+531
532,Editor's Pick,Check out our exclusive new arrivals,https://via.placeholder.com/150?text=Ad+532
533,New Collection,Grab before it's gone!,https://via.placeholder.com/150?text=Ad+533
534,New Collection,Best deals for this season,https://via.placeholder.com/150?text=Ad+534
535,New Collection,Don't miss our weekend bonanza,https://via.placeholder.com/150?text=Ad+535
536,Hot Deals,Up to 70% off on select items,https://via.placeholder.com/150?text=Ad+536
537,Just Dropped,Shop the latest trends at unbeatable prices,https://via.placeholder.com/150?text=Ad+537
538,Mega Discount,New users get extra cashback,https://via.placeholder.com/150?text=Ad+538
539,Just Dropped,Check out our exclusive new arrivals,https://via.placeholder.com/150?text=Ad+539
540,Limited Offer,Online only exclusive deal,https://via.placeholder.com/150?text=Ad+540
541,Trending Now,Don't miss our weekend bonanza,https://via.placeholder.com/150?text=Ad+541
542,Trending Now,Check out our exclusive new arrivals,https://via.placeholder.com/150?text=Ad+542
543,Mega Discount,Check out our exclusive new arrivals,https://via.placeholder.com/150?text=Ad+543
544,Limited Offer,Limited stock remaining,https://via.placeholder.com/150?text=Ad+544
545,Mega Discount,Shop the latest trends at unbeatable prices,https://via.placeholder.com/150?text=Ad+545
546,Mega Discount,Check out our exclusive new arrivals,https://via.placeholder.com/150?text=Ad+546
547,Trending Now,Up to 70% off on select items,https://via.placeholder.com/150?text=Ad+547
548,Flash Sale,Shop the latest trends at unbeatable prices,https://via.placeholder.com/150?text=Ad+548
549,Hot Deals,Online only exclusive deal,https://via.placeholder.com/150?text=Ad+549
550,Just Dropped,Hurry! Offer valid till stocks last,https://via.placeholder.com/150?text=Ad+550
551,Hot Deals,Hurry! Offer valid till stocks last,https://via.placeholder.com/150?text=Ad+551
552,Flash Sale,Best deals for this season,https://via.placeholder.com/150?text=Ad+552
553,Flash Sale,Best deals for this season,https://via.placeholder.com/150?text=Ad+553
554,Buy 1 Get 1,New users get extra cashback,https://via.placeholder.com/150?text=Ad+554
555,Editor's Pick,New users get extra cashback,https://via.placeholder.com/150?text=Ad+555
556,Clearance Sale,Up to 70% off on select items,https://via.placeholder.com/150?text=Ad+556
557,Hot Deals,Don't miss our weekend bonanza,https://via.placeholder.com/150?text=Ad+557
558,Hot Deals,Don't miss our weekend bonanza,https://via.placeholder.com/150?text=Ad+558
559,Buy 1 Get 1,Shop the latest trends at unbeatable prices,https://via.placeholder.com/150?text=Ad+559
560,Mega Discount,Online only exclusive deal,https://via.placeholder.com/150?text=Ad+560
561,Buy 1 Get 1,Limited stock remaining,https://via.placeholder.com/150?text=Ad+561
562,Clearance Sale,Check out our exclusive new arrivals,https://via.placeholder.com/150?text=Ad+562
563,Trending Now,Shop the latest trends at unbeatable prices,https://via.placeholder.com/150?text=Ad+563
564,Buy 1 Get 1,Limited stock remaining,https://via.placeholder.com/150?text=Ad+564
565,Mega Discount,Online only exclusive deal,https://via.placeholder.com/150?text=Ad+565
566,Limited Offer,Limited stock remaining,https://via.placeholder.com/150?text=Ad+566
567,New Collection,Online only exclusive deal,https://via.placeholder.com/150?text=Ad+567
568,Limited Offer,Grab before it's gone!,https://via.placeholder.com/150?text=Ad+568
569,Mega Discount,Don't miss our weekend bonanza,https://via.placeholder.com/150?text=Ad+569
570,Clearance Sale,New users get extra cashback,https://via.placeholder.com/150?text=Ad+570
571,Mega Discount,Limited stock remaining,https://via.placeholder.com/150?text=Ad+571
572,Trending Now,Hurry! Offer valid till stocks last,https://via.placeholder.com/150?text=Ad+572
573,Clearance Sale,Shop the latest trends at unbeatable prices,https://via.placeholder.com/150?text=Ad+573
574,Flash Sale,Online only exclusive deal,https://via.placeholder.com/150?text=Ad+574
575,Just Dropped,Hurry! Offer valid till stocks last,https://via.placeholder.com/150?text=Ad+575
576,Trending Now,Hurry! Offer valid till stocks last,https://via.placeholder.com/150?text=Ad+576
577,Buy 1 Get 1,Don't miss our weekend bonanza,https://via.placeholder.com/150?text=Ad+577
578,New Collection,Hurry! Offer valid till stocks last,https://via.placeholder.com/150?text=Ad+578
579,Flash Sale,Don't miss our weekend bonanza,https://via.placeholder.com/150?text=Ad+579
580,Mega Discount,Online only exclusive deal,https://via.placeholder.com/150?text=Ad+580
581,Trending Now,Online only exclusive deal,https://via.placeholder.com/150?text=Ad+581
582,Mega Discount,Hurry! Offer valid till stocks last,https://via.placeholder.com/150?text=Ad+582
583,Mega Discount,Online only exclusive deal,https://via.placeholder.com/150?text=Ad+583
584,Trending Now,Up to 70% off on select items,https://via.placeholder.com/150?text=Ad+584
585,Flash Sale,Up to 70% off on select items,https://via.placeholder.com/150?text=Ad+585
586,Mega Discount,Online only exclusive deal,https://via.placeholder.com/150?text=Ad+586
587,Mega Discount,Check out our exclusive new arrivals,https://via.placeholder.com/150?text=Ad+587
588,Hot Deals,Up to 70% off on select items,https://via.placeholder.com/150?text=Ad+588
589,Mega Discount,Best deals for this season,https://via.placeholder.com/150?text=Ad+589
590,Flash Sale,Grab before it's gone!,https://via.placeholder.com/150?text=Ad+590
591,Buy 1 Get 1,Don't miss our weekend bonanza,https://via.placeholder.com/150?text=Ad+591
592,Hot Deals,Best deals for this season,https://via.placeholder.com/150?text=Ad+592
593,Clearance Sale,Up to 70% off on select items,https://via.placeholder.com/150?text=Ad+593
594,Just Dropped,Best deals for this season,https://via.placeholder.com/150?text=Ad+594
595,Limited Offer,Don't miss our weekend bonanza,https://via.placeholder.com/150?text=Ad+595
596,Just Dropped,Best deals for this season,https://via.placeholder.com/150?text=Ad+596
597,Buy 1 Get 1,Shop the latest trends at unbeatable prices,https://via.placeholder.com/150?text=Ad+597
598,Mega Discount,Best deals for this season,https://via.placeholder.com/150?text=Ad+598
599,New Collection,Check out our exclusive new arrivals,https://via.placeholder.com/150?text=Ad+599
600,Flash Sale,Online only exclusive deal,https://via.placeholder.com/150?text=Ad+600
601,Trending Now,Limited stock remaining,https://via.placeholder.com/150?text=Ad+601
602,Limited Offer,Shop the latest trends at unbeatable prices,https://via.placeholder.com/150?text=Ad+602
603,Clearance Sale,Up to 70% off on select items,https://via.placeholder.com/150?text=Ad+603
604,Editor's Pick,Grab before it's gone!,https://via.placeholder.com/150?text=Ad+604
605,New Collection,Best deals for this season,https://via.placeholder.com/150?text=Ad+605
606,New Collection,Shop the latest trends at unbeatable prices,https://via.placeholder.com/150?text=Ad+606
607,Clearance Sale,Don't miss our weekend bonanza,https://via.placeholder.com/150?text=Ad+607
608,New Collection,Up to 70% off on select items,https://via.placeholder.com/150?text=Ad+608
609,Buy 1 Get 1,New users get extra cashback,https://via.placeholder.com/150?text=Ad+609
610,Limited Offer,Best deals for this season,https://via.placeholder.com/150?text=Ad+610
611,New Collection,Online only exclusive deal,https://via.placeholder.com/150?text=Ad+611
612,Hot Deals,Hurry! Offer valid till stocks last,https://via.placeholder.com/150?text=Ad+612
613,Flash Sale,Limited stock remaining,https://via.placeholder.com/150?text=Ad+613
614,Trending Now,Grab before it's gone!,https://via.placeholder.com/150?text=Ad+614
615,Trending Now,Shop the latest trends at unbeatable prices,https://via.placeholder.com/150?text=Ad+615
616,Hot Deals,Online only exclusive deal,https://via.placeholder.com/150?text=Ad+616
617,Editor's Pick,Best deals for this season,https://via.placeholder.com/150?text=Ad+617
618,Buy 1 Get 1,Hurry! Offer valid till stocks last,https://via.placeholder.com/150?text=Ad+618
619,Limited Offer,Best deals for this season,https://via.placeholder.com/150?text=Ad+619
620,Hot Deals,Don't miss our weekend bonanza,https://via.placeholder.com/150?text=Ad+620
621,Flash Sale,Up to 70% off on select items,https://via.placeholder.com/150?text=Ad+621
622,Hot Deals,Limited stock remaining,https://via.placeholder.com/150?text=Ad+622
623,Limited Offer,Hurry! Offer valid till stocks last,https://via.placeholder.com/150?text=Ad+623
624,Trending Now,Best deals for this season,https://via.placeholder.com/150?text=Ad+624
625,Flash Sale,Up to 70% off on select items,https://via.placeholder.com/150?text=Ad+625
626,Editor's Pick,Best deals for this season,https://via.placeholder.com/150?text=Ad+626
627,Buy 1 Get 1,Online only exclusive deal,https://via.placeholder.com/150?text=Ad+627
628,Hot Deals,Shop the latest trends at unbeatable prices,https://via.placeholder.com/150?text=Ad+628
629,New Collection,Hurry! Offer valid till stocks last,https://via.placeholder.com/150?text=Ad+629
630,Flash Sale,Check out our exclusive new arrivals,https://via.placeholder.com/150?text=Ad+630
631,Flash Sale,Online only exclusive deal,https://via.placeholder.com/150?text=Ad+631
632,Flash Sale,Limited stock remaining,https://via.placeholder.com/150?text=Ad+632
633,New Collection,Online only exclusive deal,https://via.placeholder.com/150?text=Ad+633
634,Mega Discount,Shop the latest trends at unbeatable prices,https://via.placeholder.com/150?text=Ad+634
635,Hot Deals,Limited stock remaining,https://via.placeholder.com/150?text=Ad+635
636,Clearance Sale,Hurry! Offer valid till stocks last,https://via.placeholder.com/150?text=Ad+636
637,Buy 1 Get 1,Limited stock remaining,https://via.placeholder.com/150?text=Ad+637
638,New Collection,Don't miss our weekend bonanza,https://via.placeholder.com/150?text=Ad+638
639,Flash Sale,New users get extra cashback,https://via.placeholder.com/150?text=Ad+639
640,Clearance Sale,Online only exclusive deal,https://via.placeholder.com/150?text=Ad+640
641,Mega Discount,Shop the latest trends at unbeatable prices,https://via.placeholder.com/150?text=Ad+641
642,Hot Deals,Best deals for this season,https://via.placeholder.com/150?text=Ad+642
643,Flash Sale,Hurry! Offer valid till stocks last,https://via.placeholder.com/150?text=Ad+643
644,Trending Now,Grab before it's gone!,https://via.placeholder.com/150?text=Ad+644
645,Limited Offer,Shop the latest trends at unbeatable prices,https://via.placeholder.com/150?text=Ad+645
646,Buy 1 Get 1,Online only exclusive deal,https://via.placeholder.com/150?text=Ad+646
647,Clearance Sale,Shop the latest trends at unbeatable prices,https://via.placeholder.com/150?text=Ad+647
648,Mega Discount,Best deals for this season,https://via.placeholder.com/150?text=Ad+648
649,Clearance Sale,Best deals for this season,https://via.placeholder.com/150?text=Ad+649
650,New Collection,New users get extra cashback,https://via.placeholder.com/150?text=Ad+650
651,Editor's Pick,Grab before it's gone!,https://via.placeholder.com/150?text=Ad+651
652,New Collection,Shop the latest trends at unbeatable prices,https://via.placeholder.com/150?text=Ad+652
653,Hot Deals,Online only exclusive deal,https://via.placeholder.com/150?text=Ad+653
654,Limited Offer,Limited stock remaining,https://via.placeholder.com/150?text=Ad+654
655,Limited Offer,Best deals for this season,https://via.placeholder.com/150?text=Ad+655
656,Editor's Pick,Hurry! Offer valid till stocks last,https://via.placeholder.com/150?text=Ad+656
657,Flash Sale,Online only exclusive deal,https://via.placeholder.com/150?text=Ad+657
658,Mega Discount,Best deals for this season,https://via.placeholder.com/150?text=Ad+658
659,Mega Discount,Up to 70% off on select items,https://via.placeholder.com/150?text=Ad+659
660,Trending Now,Best deals for this season,https://via.placeholder.com/150?text=Ad+660
661,Trending Now,Shop the latest trends at unbeatable prices,https://via.placeholder.com/150?text=Ad+661
662,Flash Sale,Don't miss our weekend bonanza,https://via.placeholder.com/150?text=Ad+662
663,Limited Offer,Up to 70% off on select items,https://via.placeholder.com/150?text=Ad+663
664,Buy 1 Get 1,Grab before it's gone!,https://via.placeholder.com/150?text=Ad+664
665,Mega Discount,Limited stock remaining,https://via.placeholder.com/150?text=Ad+665
666,Hot Deals,Check out our exclusive new arrivals,https://via.placeholder.com/150?text=Ad+666
667,Limited Offer,Best deals for this season,https://via.placeholder.com/150?text=Ad+667
668,Editor's Pick,Hurry! Offer valid till stocks last,https://via.placeholder.com/150?text=Ad+668
669,Clearance Sale,Hurry! Offer valid till stocks last,https://via.placeholder.com/150?text=Ad+669
670,Hot Deals,Online only exclusive deal,https://via.placeholder.com/150?text=Ad+670
671,Flash Sale,Shop the latest trends at unbeatable prices,https://via.placeholder.com/150?text=Ad+671
672,Clearance Sale,Best deals for this season,https://via.placeholder.com/150?text=Ad+672
673,Just Dropped,Don't miss our weekend bonanza,https://via.placeholder.com/150?text=Ad+673
674,Editor's Pick,New users get extra cashback,https://via.placeholder.com/150?text=Ad+674
675,Editor's Pick,Online only exclusive deal,https://via.placeholder.com/150?text=Ad+675
676,New Collection,New users get extra cashback,https://via.placeholder.com/150?text=Ad+676
677,Trending Now,Up to 70% off on select items,https://via.placeholder.com/150?text=Ad+677
678,Trending Now,Up to 70% off on select items,https://via.placeholder.com/150?text=Ad+678
679,Buy 1 Get 1,Hurry! Offer valid till stocks last,https://via.placeholder.com/150?text=Ad+679
680,Just Dropped,Don't miss our weekend bonanza,https://via.placeholder.com/150?text=Ad+680
681,Mega Discount,Check out our exclusive new arrivals,https://via.placeholder.com/150?text=Ad+681
682,Flash Sale,Shop the latest trends at unbeatable prices,https://via.placeholder.com/150?text=Ad+682
683,Buy 1 Get 1,Shop the latest trends at unbeatable prices,https://via.placeholder.com/150?text=Ad+683
684,Flash Sale,Shop the latest trends at unbeatable prices,https://via.placeholder.com/150?text=Ad+684
685,Hot Deals,Up to 70% off on select items,https://via.placeholder.com/150?text=Ad+685
686,Mega Discount,New users get extra cashback,https://via.placeholder.com/150?text=Ad+686
687,New Collection,Limited stock remaining,https://via.placeholder.com/150?text=Ad+687
688,Hot Deals,Don't miss our weekend bonanza,https://via.placeholder.com/150?text=Ad+688
689,Mega Discount,Check out our exclusive new arrivals,https://via.placeholder.com/150?text=Ad+689
690,Clearance Sale,Limited stock remaining,https://via.placeholder.com/150?text=Ad+690
691,Just Dropped,New users get extra cashback,https://via.placeholder.com/150?text=Ad+691
692,Limited Offer,Online only exclusive deal,https://via.placeholder.com/150?text=Ad+692
693,Editor's Pick,Online only exclusive deal,https://via.placeholder.com/150?text=Ad+693
694,Trending Now,Check out our exclusive new arrivals,https://via.placeholder.com/150?text=Ad+694
695,Hot Deals,Hurry! Offer valid till stocks last,https://via.placeholder.com/150?text=Ad+695
696,Buy 1 Get 1,Don't miss our weekend bonanza,https://via.placeholder.com/150?text=Ad+696
697,Editor's Pick,Up to 70% off on select items,https://via.placeholder.com/150?text=Ad+697
698,Clearance Sale,Check out our exclusive new arrivals,https://via.placeholder.com/150?text=Ad+698
699,Just Dropped,Grab before it's gone!,https://via.placeholder.com/150?text=Ad+699
700,New Collection,New users get extra cashback,https://via.placeholder.com/150?text=Ad+700
701,Trending Now,Best deals for this season,https://via.placeholder.com/150?text=Ad+701
702,Hot Deals,New users get extra cashback,https://via.placeholder.com/150?text=Ad+702
703,Just Dropped,Shop the latest trends at unbeatable prices,https://via.placeholder.com/150?text=Ad+703
704,Hot Deals,Online only exclusive deal,https://via.placeholder.com/150?text=Ad+704
705,Buy 1 Get 1,Shop the latest trends at unbeatable prices,https://via.placeholder.com/150?text=Ad+705
706,Hot Deals,Hurry! Offer valid till stocks last,https://via.placeholder.com/150?text=Ad+706
707,Buy 1 Get 1,Hurry! Offer valid till stocks last,https://via.placeholder.com/150?text=Ad+707
708,Flash Sale,Check out our exclusive new arrivals,https://via.placeholder.com/150?text=Ad+708
709,Clearance Sale,Don't miss our weekend bonanza,https://via.placeholder.com/150?text=Ad+709
710,Just Dropped,Online only exclusive deal,https://via.placeholder.com/150?text=Ad+710
711,Trending Now,Best deals for this season,https://via.placeholder.com/150?text=Ad+711
712,Mega Discount,Shop the latest trends at unbeatable prices,https://via.placeholder.com/150?text=Ad+712
713,Hot Deals,Shop the latest trends at unbeatable prices,https://via.placeholder.com/150?text=Ad+713
714,New Collection,Don't miss our weekend bonanza,https://via.placeholder.com/150?text=Ad+714
715,Mega Discount,Hurry! Offer valid till stocks last,https://via.placeholder.com/150?text=Ad+715
716,New Collection,Check out our exclusive new arrivals,https://via.placeholder.com/150?text=Ad+716
717,Limited Offer,Up to 70% off on select items,https://via.placeholder.com/150?text=Ad+717
718,Mega Discount,Hurry! Offer valid till stocks last,https://via.placeholder.com/150?text=Ad+718
719,Flash Sale,Online only exclusive deal,https://via.placeholder.com/150?text=Ad+719
720,Flash Sale,Best deals for this season,https://via.placeholder.com/150?text=Ad+720
721,Hot Deals,Limited stock remaining,https://via.placeholder.com/150?text=Ad+721
722,Flash Sale,Don't miss our weekend bonanza,https://via.placeholder.com/150?text=Ad+722
723,Just Dropped,Don't miss our weekend bonanza,https://via.placeholder.com/150?text=Ad+723
724,Editor's Pick,Check out our exclusive new arrivals,https://via.placeholder.com/150?text=Ad+724
725,Hot Deals,New users get extra cashback,https://via.placeholder.com/150?text=Ad+725
726,Editor's Pick,Hurry! Offer valid till stocks last,https://via.placeholder.com/150?text=Ad+726
727,New Collection,Limited stock remaining,https://via.placeholder.com/150?text=Ad+727
728,Editor's Pick,Hurry! Offer valid till stocks last,https://via.placeholder.com/150?text=Ad+728
729,New Collection,Check out our exclusive new arrivals,https://via.placeholder.com/150?text=Ad+729
730,Buy 1 Get 1,New users get extra cashback,https://via.placeholder.com/150?text=Ad+730
731,Trending Now,Limited stock remaining,https://via.placeholder.com/150?text=Ad+731
732,Clearance Sale,New users get extra cashback,https://via.placeholder.com/150?text=Ad+732
733,Just Dropped,Online only exclusive deal,https://via.placeholder.com/150?text=Ad+733
734,Just Dropped,Limited stock remaining,https://via.placeholder.com/150?text=Ad+734
735,Mega Discount,Check out our exclusive new arrivals,https://via.placeholder.com/150?text=Ad+735
736,Trending Now,New users get extra cashback,https://via.placeholder.com/150?text=Ad+736
737,Limited Offer,Limited stock remaining,https://via.placeholder.com/150?text=Ad+737
738,New Collection,Check out our exclusive new arrivals,https://via.placeholder.com/150?text=Ad+738
739,New Collection,Grab before it's gone!,https://via.placeholder.com/150?text=Ad+739
740,Mega Discount,Grab before it's gone!,https://via.placeholder.com/150?text=Ad+740
741,Just Dropped,Online only exclusive deal,https://via.placeholder.com/150?text=Ad+741
742,New Collection,Best deals for this season,https://via.placeholder.com/150?text=Ad+742
743,Mega Discount,Up to 70% off on select items,https://via.placeholder.com/150?text=Ad+743
744,Limited Offer,Grab before it's gone!,https://via.placeholder.com/150?text=Ad+744
745,Clearance Sale,Check out our exclusive new arrivals,https://via.placeholder.com/150?text=Ad+745
746,Just Dropped,New users get extra cashback,https://via.placeholder.com/150?text=Ad+746
747,Limited Offer,Grab before it's gone!,https://via.placeholder.com/150?text=Ad+747
748,Buy 1 Get 1,Limited stock remaining,https://via.placeholder.com/150?text=Ad+748
749,Clearance Sale,Don't miss our weekend bonanza,https://via.placeholder.com/150?text=Ad+749
750,Buy 1 Get 1,New users get extra cashback,https://via.placeholder.com/150?text=Ad+750
751,Mega Discount,Best deals for this season,https://via.placeholder.com/150?text=Ad+751
752,Just Dropped,Don't miss our weekend bonanza,https://via.placeholder.com/150?text=Ad+752
753,Trending Now,New users get extra cashback,https://via.placeholder.com/150?text=Ad+753
754,Just Dropped,New users get extra cashback,https://via.placeholder.com/150?text=Ad+754
755,Buy 1 Get 1,Best deals for this season,https://via.placeholder.com/150?text=Ad+755
756,Mega Discount,Up to 70% off on select items,https://via.placeholder.com/150?text=Ad+756
757,Just Dropped,Hurry! Offer valid till stocks last,https://via.placeholder.com/150?text=Ad+757
758,Mega Discount,Up to 70% off on select items,https://via.placeholder.com/150?text=Ad+758
759,Clearance Sale,New users get extra cashback,https://via.placeholder.com/150?text=Ad+759
760,New Collection,Grab before it's gone!,https://via.placeholder.com/150?text=Ad+760
761,Trending Now,Up to 70% off on select items,https://via.placeholder.com/150?text=Ad+761
762,New Collection,New users get extra cashback,https://via.placeholder.com/150?text=Ad+762
763,Mega Discount,Hurry! Offer valid till stocks last,https://via.placeholder.com/150?text=Ad+763
764,Just Dropped,Hurry! Offer valid till stocks last,https://via.placeholder.com/150?text=Ad+764
765,Mega Discount,Hurry! Offer valid till stocks last,https://via.placeholder.com/150?text=Ad+765
766,Just Dropped,Don't miss our weekend bonanza,https://via.placeholder.com/150?text=Ad+766
767,Clearance Sale,New users get extra cashback,https://via.placeholder.com/150?text=Ad+767
768,Hot Deals,Limited stock remaining,https://via.placeholder.com/150?text=Ad+768
769,New Collection,Limited stock remaining,https://via.placeholder.com/150?text=Ad+769
770,Clearance Sale,Check out our exclusive new arrivals,https://via.placeholder.com/150?text=Ad+770
771,Trending Now,Online only exclusive deal,https://via.placeholder.com/150?text=Ad+771
772,New Collection,Limited stock remaining,https://via.placeholder.com/150?text=Ad+772
773,Trending Now,Best deals for this season,https://via.placeholder.com/150?text=Ad+773
774,Flash Sale,Online only exclusive deal,https://via.placeholder.com/150?text=Ad+774
775,Trending Now,Up to 70% off on select items,https://via.placeholder.com/150?text=Ad+775
776,New Collection,Check out our exclusive new arrivals,https://via.placeholder.com/150?text=Ad+776
777,Mega Discount,Online only exclusive deal,https://via.placeholder.com/150?text=Ad+777
778,Mega Discount,Don't miss our weekend bonanza,https://via.placeholder.com/150?text=Ad+778
779,Editor's Pick,Grab before it's gone!,https://via.placeholder.com/150?text=Ad+779
780,Buy 1 Get 1,Up to 70% off on select items,https://via.placeholder.com/150?text=Ad+780
781,Trending Now,Online only exclusive deal,https://via.placeholder.com/150?text=Ad+781
782,Flash Sale,New users get extra cashback,https://via.placeholder.com/150?text=Ad+782
783,Limited Offer,Online only exclusive deal,https://via.placeholder.com/150?text=Ad+783
784,Hot Deals,New users get extra cashback,https://via.placeholder.com/150?text=Ad+784
785,New Collection,Shop the latest trends at unbeatable prices,https://via.placeholder.com/150?text=Ad+785
786,Buy 1 Get 1,New users get extra cashback,https://via.placeholder.com/150?text=Ad+786
787,Clearance Sale,Up to 70% off on select items,https://via.placeholder.com/150?text=Ad+787
788,Editor's Pick,Up to 70% off on select items,https://via.placeholder.com/150?text=Ad+788
789,Flash Sale,Grab before it's gone!,https://via.placeholder.com/150?text=Ad+789
790,Editor's Pick,Grab before it's gone!,https://via.placeholder.com/150?text=Ad+790
791,Limited Offer,Don't miss our weekend bonanza,https://via.placeholder.com/150?text=Ad+791
792,Hot Deals,New users get extra cashback,https://via.placeholder.com/150?text=Ad+792
793,Hot Deals,Grab before it's gone!,https://via.placeholder.com/150?text=Ad+793
794,Buy 1 Get 1,New users get extra cashback,https://via.placeholder.com/150?text=Ad+794
795,New Collection,Shop the latest trends at unbeatable prices,https://via.placeholder.com/150?text=Ad+795
796,Trending Now,Up to 70% off on select items,https://via.placeholder.com/150?text=Ad+796
797,Clearance Sale,Up to 70% off on select items,https://via.placeholder.com/150?text=Ad+797
798,Trending Now,Check out our exclusive new arrivals,https://via.placeholder.com/150?text=Ad+798
799,Clearance Sale,Limited stock remaining,https://via.placeholder.com/150?text=Ad+799
800,Trending Now,Shop the latest trends at unbeatable prices,https://via.placeholder.com/150?text=Ad+800
801,Limited Offer,Hurry! Offer valid till stocks last,https://via.placeholder.com/150?text=Ad+801
802,Editor's Pick,Online only exclusive deal,https://via.placeholder.com/150?text=Ad+802
803,Just Dropped,Up to 70% off on select items,https://via.placeholder.com/150?text=Ad+803
804,New Collection,Online only exclusive deal,https://via.placeholder.com/150?text=Ad+804
805,Flash Sale,Up to 70% off on select items,https://via.placeholder.com/150?text=Ad+805
806,Flash Sale,Don't miss our weekend bonanza,https://via.placeholder.com/150?text=Ad+806
807,Mega Discount,Limited stock remaining,https://via.placeholder.com/150?text=Ad+807
808,Buy 1 Get 1,Don't miss our weekend bonanza,https://via.placeholder.com/150?text=Ad+808
809,Editor's Pick,Limited stock remaining,https://via.placeholder.com/150?text=Ad+809
810,Editor's Pick,Limited stock remaining,https://via.placeholder.com/150?text=Ad+810
811,Editor's Pick,Grab before it's gone!,https://via.placeholder.com/150?text=Ad+811
812,Clearance Sale,Shop the latest trends at unbeatable prices,https://via.placeholder.com/150?text=Ad+812
813,Hot Deals,Check out our exclusive new arrivals,https://via.placeholder.com/150?text=Ad+813
814,Just Dropped,Don't miss our weekend bonanza,https://via.placeholder.com/150?text=Ad+814
815,Flash Sale,Grab before it's gone!,https://via.placeholder.com/150?text=Ad+815
816,Hot Deals,Shop the latest trends at unbeatable prices,https://via.placeholder.com/150?text=Ad+816
817,Limited Offer,Shop the latest trends at unbeatable prices,https://via.placeholder.com/150?text=Ad+817
818,Editor's Pick,Grab before it's gone!,https://via.placeholder.com/150?text=Ad+818
819,Just Dropped,Grab before it's gone!,https://via.placeholder.com/150?text=Ad+819
820,Clearance Sale,Check out our exclusive new arrivals,https://via.placeholder.com/150?text=Ad+820
821,Clearance Sale,Best deals for this season,https://via.placeholder.com/150?text=Ad+821
822,Buy 1 Get 1,Shop the latest trends at unbeatable prices,https://via.placeholder.com/150?text=Ad+822
823,Clearance Sale,Online only exclusive deal,https://via.placeholder.com/150?text=Ad+823
824,Trending Now,Grab before it's gone!,https://via.placeholder.com/150?text=Ad+824
825,Mega Discount,Grab before it's gone!,https://via.placeholder.com/150?text=Ad+825
826,Trending Now,Don't miss our weekend bonanza,https://via.placeholder.com/150?text=Ad+826
827,Just Dropped,Grab before it's gone!,https://via.placeholder.com/150?text=Ad+827
828,Clearance Sale,Check out our exclusive new arrivals,https://via.placeholder.com/150?text=Ad+828
829,Just Dropped,Check out our exclusive new arrivals,https://via.placeholder.com/150?text=Ad+829
830,Limited Offer,Online only exclusive deal,https://via.placeholder.com/150?text=Ad+830
831,Editor's Pick,Best deals for this season,https://via.placeholder.com/150?text=Ad+831
832,Trending Now,Shop the latest trends at unbeatable prices,https://via.placeholder.com/150?text=Ad+832
833,New Collection,Grab before it's gone!,https://via.placeholder.com/150?text=Ad+833
834,Flash Sale,Hurry! Offer valid till stocks last,https://via.placeholder.com/150?text=Ad+834
835,Hot Deals,New users get extra cashback,https://via.placeholder.com/150?text=Ad+835
836,Flash Sale,Don't miss our weekend bonanza,https://via.placeholder.com/150?text=Ad+836
837,Flash Sale,Best deals for this season,https://via.placeholder.com/150?text=Ad+837
838,Trending Now,Shop the latest trends at unbeatable prices,https://via.placeholder.com/150?text=Ad+838
839,New Collection,Limited stock remaining,https://via.placeholder.com/150?text=Ad+839
840,Buy 1 Get 1,Shop the latest trends at unbeatable prices,https://via.placeholder.com/150?text=Ad+840
841,Mega Discount,New users get extra cashback,https://via.placeholder.com/150?text=Ad+841
842,Mega Discount,Limited stock remaining,https://via.placeholder.com/150?text=Ad+842
843,Mega Discount,Check out our exclusive new arrivals,https://via.placeholder.com/150?text=Ad+843
844,Just Dropped,Shop the latest trends at unbeatable prices,https://via.placeholder.com/150?text=Ad+844
845,New Collection,Up to 70% off on select items,https://via.placeholder.com/150?text=Ad+845
846,Limited Offer,Check out our exclusive new arrivals,https://via.placeholder.com/150?text=Ad+846
847,Flash Sale,Limited stock remaining,https://via.placeholder.com/150?text=Ad+847
848,Clearance Sale,Online only exclusive deal,https://via.placeholder.com/150?text=Ad+848
849,Flash Sale,Online only exclusive deal,https://via.placeholder.com/150?text=Ad+849
850,Limited Offer,Grab before it's gone!,https://via.placeholder.com/150?text=Ad+850
851,Hot Deals,Shop the latest trends at unbeatable prices,https://via.placeholder.com/150?text=Ad+851
852,New Collection,Check out our exclusive new arrivals,https://via.placeholder.com/150?text=Ad+852
853,Flash Sale,Don't miss our weekend bonanza,https://via.placeholder.com/150?text=Ad+853
854,Flash Sale,Check out our exclusive new arrivals,https://via.placeholder.com/150?text=Ad+854
855,Flash Sale,Grab before it's gone!,https://via.placeholder.com/150?text=Ad+855
856,Flash Sale,Up to 70% off on select items,https://via.placeholder.com/150?text=Ad+856
857,Mega Discount,Limited stock remaining,https://via.placeholder.com/150?text=Ad+857
858,Flash Sale,Don't miss our weekend bonanza,https://via.placeholder.com/150?text=Ad+858
859,Flash Sale,Limited stock remaining,https://via.placeholder.com/150?text=Ad+859
860,Hot Deals,New users get extra cashback,https://via.placeholder.com/150?text=Ad+860
861,New Collection,Shop the latest trends at unbeatable prices,https://via.placeholder.com/150?text=Ad+861
862,Just Dropped,Shop the latest trends at unbeatable prices,https://via.placeholder.com/150?text=Ad+862
863,Just Dropped,Shop the latest trends at unbeatable prices,https://via.placeholder.com/150?text=Ad+863
864,Clearance Sale,Best deals for this season,https://via.placeholder.com/150?text=Ad+864
865,New Collection,Check out our exclusive new arrivals,https://via.placeholder.com/150?text=Ad+865
866,Clearance Sale,Don't miss our weekend bonanza,https://via.placeholder.com/150?text=Ad+866
867,New Collection,New users get extra cashback,https://via.placeholder.com/150?text=Ad+867
868,Just Dropped,Up to 70% off on select items,https://via.placeholder.com/150?text=Ad+868
869,Trending Now,Online only exclusive deal,https://via.placeholder.com/150?text=Ad+869
870,Clearance Sale,Hurry! Offer valid till stocks last,https://via.placeholder.com/150?text=Ad+870
871,Just Dropped,Limited stock remaining,https://via.placeholder.com/150?text=Ad+871
872,Trending Now,Don't miss our weekend bonanza,https://via.placeholder.com/150?text=Ad+872
873,New Collection,Don't miss our weekend bonanza,https://via.placeholder.com/150?text=Ad+873
874,Clearance Sale,Grab before it's gone!,https://via.placeholder.com/150?text=Ad+874
875,Buy 1 Get 1,Online only exclusive deal,https://via.placeholder.com/150?text=Ad+875
876,Just Dropped,Limited stock remaining,https://via.placeholder.com/150?text=Ad+876
877,Clearance Sale,Grab before it's gone!,https://via.placeholder.com/150?text=Ad+877
878,Limited Offer,Check out our exclusive new arrivals,https://via.placeholder.com/150?text=Ad+878
879,Flash Sale,Grab before it's gone!,https://via.placeholder.com/150?text=Ad+879
880,Just Dropped,New users get extra cashback,https://via.placeholder.com/150?text=Ad+880
881,Mega Discount,Up to 70% off on select items,https://via.placeholder.com/150?text=Ad+881
882,Mega Discount,New users get extra cashback,https://via.placeholder.com/150?text=Ad+882
883,Limited Offer,Up to 70% off on select items,https://via.placeholder.com/150?text=Ad+883
884,Mega Discount,New users get extra cashback,https://via.placeholder.com/150?text=Ad+884
885,Trending Now,Don't miss our weekend bonanza,https://via.placeholder.com/150?text=Ad+885
886,Buy 1 Get 1,Shop the latest trends at unbeatable prices,https://via.placeholder.com/150?text=Ad+886
887,Flash Sale,Online only exclusive deal,https://via.placeholder.com/150?text=Ad+887
888,Trending Now,Best deals for this season,https://via.placeholder.com/150?text=Ad+888
889,New Collection,New users get extra cashback,https://via.placeholder.com/150?text=Ad+889
890,Trending Now,Don't miss our weekend bonanza,https://via.placeholder.com/150?text=Ad+890
891,Trending Now,Limited stock remaining,https://via.placeholder.com/150?text=Ad+891
892,Buy 1 Get 1,Don't miss our weekend bonanza,https://via.placeholder.com/150?text=Ad+892
893,Flash Sale,Shop the latest trends at unbeatable prices,https://via.placeholder.com/150?text=Ad+893
894,Trending Now,Best deals for this season,https://via.placeholder.com/150?text=Ad+894
895,Limited Offer,Limited stock remaining,https://via.placeholder.com/150?text=Ad+895
896,Hot Deals,Grab before it's gone!,https://via.placeholder.com/150?text=Ad+896
897,Just Dropped,Up to 70% off on select items,https://via.placeholder.com/150?text=Ad+897
898,Clearance Sale,Up to 70% off on select items,https://via.placeholder.com/150?text=Ad+898
899,Trending Now,Up to 70% off on select items,https://via.placeholder.com/150?text=Ad+899
900,Hot Deals,Check out our exclusive new arrivals,https://via.placeholder.com/150?text=Ad+900
901,Editor's Pick,Online only exclusive deal,https://via.placeholder.com/150?text=Ad+901
902,Buy 1 Get 1,Shop the latest trends at unbeatable prices,https://via.placeholder.com/150?text=Ad+902
903,Mega Discount,New users get extra cashback,https://via.placeholder.com/150?text=Ad+903
904,Buy 1 Get 1,Grab before it's gone!,https://via.placeholder.com/150?text=Ad+904
905,Limited Offer,Don't miss our weekend bonanza,https://via.placeholder.com/150?text=Ad+905
906,Editor's Pick,Don't miss our weekend bonanza,https://via.placeholder.com/150?text=Ad+906
907,New Collection,Limited stock remaining,https://via.placeholder.com/150?text=Ad+907
908,Clearance Sale,Limited stock remaining,https://via.placeholder.com/150?text=Ad+908
909,Trending Now,Hurry! Offer valid till stocks last,https://via.placeholder.com/150?text=Ad+909
910,Mega Discount,Check out our exclusive new arrivals,https://via.placeholder.com/150?text=Ad+910
911,Mega Discount,Limited stock remaining,https://via.placeholder.com/150?text=Ad+911
912,New Collection,Up to 70% off on select items,https://via.placeholder.com/150?text=Ad+912
913,Limited Offer,Best deals for this season,https://via.placeholder.com/150?text=Ad+913
914,New Collection,Hurry! Offer valid till stocks last,https://via.placeholder.com/150?text=Ad+914
915,Trending Now,Don't miss our weekend bonanza,https://via.placeholder.com/150?text=Ad+915
916,Hot Deals,Limited stock remaining,https://via.placeholder.com/150?text=Ad+916
917,Just Dropped,Grab before it's gone!,https://via.placeholder.com/150?text=Ad+917
918,Clearance Sale,Best deals for this season,https://via.placeholder.com/150?text=Ad+918
919,Mega Discount,New users get extra cashback,https://via.placeholder.com/150?text=Ad+919
920,Buy 1 Get 1,Up to 70% off on select items,https://via.placeholder.com/150?text=Ad+920
921,Clearance Sale,Limited stock remaining,https://via.placeholder.com/150?text=Ad+921
922,Limited Offer,Don't miss our weekend bonanza,https://via.placeholder.com/150?text=Ad+922
923,Trending Now,New users get extra cashback,https://via.placeholder.com/150?text=Ad+923
924,Trending Now,Limited stock remaining,https://via.placeholder.com/150?text=Ad+924
925,Hot Deals,Up to 70% off on select items,https://via.placeholder.com/150?text=Ad+925
926,Hot Deals,Don't miss our weekend bonanza,https://via.placeholder.com/150?text=Ad+926
927,New Collection,Hurry! Offer valid till stocks last,https://via.placeholder.com/150?text=Ad+927
928,Buy 1 Get 1,Check out our exclusive new arrivals,https://via.placeholder.com/150?text=Ad+928
929,New Collection,Up to 70% off on select items,https://via.placeholder.com/150?text=Ad+929
930,Flash Sale,Best deals for this season,https://via.placeholder.com/150?text=Ad+930
931,Hot Deals,Hurry! Offer valid till stocks last,https://via.placeholder.com/150?text=Ad+931
932,Buy 1 Get 1,Grab before it's gone!,https://via.placeholder.com/150?text=Ad+932
933,Mega Discount,Best deals for this season,https://via.placeholder.com/150?text=Ad+933
934,Just Dropped,Grab before it's gone!,https://via.placeholder.com/150?text=Ad+934
935,Buy 1 Get 1,Up to 70% off on select items,https://via.placeholder.com/150?text=Ad+935
936,Just Dropped,Best deals for this season,https://via.placeholder.com/150?text=Ad+936
937,Limited Offer,Limited stock remaining,https://via.placeholder.com/150?text=Ad+937
938,Limited Offer,Hurry! Offer valid till stocks last,https://via.placeholder.com/150?text=Ad+938
939,Buy 1 Get 1,Limited stock remaining,https://via.placeholder.com/150?text=Ad+939
940,Trending Now,Grab before it's gone!,https://via.placeholder.com/150?text=Ad+940
941,Clearance Sale,Limited stock remaining,https://via.placeholder.com/150?text=Ad+941
942,Flash Sale,Check out our exclusive new arrivals,https://via.placeholder.com/150?text=Ad+942
943,Limited Offer,Hurry! Offer valid till stocks last,https://via.placeholder.com/150?text=Ad+943
944,Flash Sale,New users get extra cashback,https://via.placeholder.com/150?text=Ad+944
945,Just Dropped,New users get extra cashback,https://via.placeholder.com/150?text=Ad+945
946,Limited Offer,Don't miss our weekend bonanza,https://via.placeholder.com/150?text=Ad+946
947,Flash Sale,Check out our exclusive new arrivals,https://via.placeholder.com/150?text=Ad+947
948,Just Dropped,Up to 70% off on select items,https://via.placeholder.com/150?text=Ad+948
949,Editor's Pick,Grab before it's gone!,https://via.placeholder.com/150?text=Ad+949
950,Clearance Sale,New users get extra cashback,https://via.placeholder.com/150?text=Ad+950
951,Trending Now,Best deals for this season,https://via.placeholder.com/150?text=Ad+951
952,New Collection,Best deals for this season,https://via.placeholder.com/150?text=Ad+952
953,New Collection,Shop the latest trends at unbeatable prices,https://via.placeholder.com/150?text=Ad+953
954,Clearance Sale,Limited stock remaining,https://via.placeholder.com/150?text=Ad+954
955,Buy 1 Get 1,Shop the latest trends at unbeatable prices,https://via.placeholder.com/150?text=Ad+955
956,Flash Sale,Check out our exclusive new arrivals,https://via.placeholder.com/150?text=Ad+956
957,Limited Offer,Limited stock remaining,https://via.placeholder.com/150?text=Ad+957
958,Just Dropped,Up to 70% off on select items,https://via.placeholder.com/150?text=Ad+958
959,Buy 1 Get 1,Online only exclusive deal,https://via.placeholder.com/150?text=Ad+959
960,Mega Discount,Shop the latest trends at unbeatable prices,https://via.placeholder.com/150?text=Ad+960
961,Hot Deals,Online only exclusive deal,https://via.placeholder.com/150?text=Ad+961
962,Trending Now,Check out our exclusive new arrivals,https://via.placeholder.com/150?text=Ad+962
963,Buy 1 Get 1,Don't miss our weekend bonanza,https://via.placeholder.com/150?text=Ad+963
964,Limited Offer,Best deals for this season,https://via.placeholder.com/150?text=Ad+964
965,Mega Discount,Up to 70% off on select items,https://via.placeholder.com/150?text=Ad+965
966,New Collection,Grab before it's gone!,https://via.placeholder.com/150?text=Ad+966
967,Limited Offer,Up to 70% off on select items,https://via.placeholder.com/150?text=Ad+967
968,Trending Now,Best deals for this season,https://via.placeholder.com/150?text=Ad+968
969,Limited Offer,Online only exclusive deal,https://via.placeholder.com/150?text=Ad+969
970,Buy 1 Get 1,Limited stock remaining,https://via.placeholder.com/150?text=Ad+970
971,Buy 1 Get 1,Grab before it's gone!,https://via.placeholder.com/150?text=Ad+971
972,Mega Discount,Limited stock remaining,https://via.placeholder.com/150?text=Ad+972
973,Hot Deals,Shop the latest trends at unbeatable prices,https://via.placeholder.com/150?text=Ad+973
974,Trending Now,Hurry! Offer valid till stocks last,https://via.placeholder.com/150?text=Ad+974
975,New Collection,Limited stock remaining,https://via.placeholder.com/150?text=Ad+975
976,Clearance Sale,New users get extra cashback,https://via.placeholder.com/150?text=Ad+976
977,Clearance Sale,Limited stock remaining,https://via.placeholder.com/150?text=Ad+977
978,New Collection,Limited stock remaining,https://via.placeholder.com/150?text=Ad+978
979,New Collection,Don't miss our weekend bonanza,https://via.placeholder.com/150?text=Ad+979
980,Flash Sale,Shop the latest trends at unbeatable prices,https://via.placeholder.com/150?text=Ad+980
981,Flash Sale,Best deals for this season,https://via.placeholder.com/150?text=Ad+981
982,Flash Sale,Limited stock remaining,https://via.placeholder.com/150?text=Ad+982
983,Mega Discount,Don't miss our weekend bonanza,https://via.placeholder.com/150?text=Ad+983
984,Mega Discount,New users get extra cashback,https://via.placeholder.com/150?text=Ad+984
985,Hot Deals,Grab before it's gone!,https://via.placeholder.com/150?text=Ad+985
986,New Collection,Best deals for this season,https://via.placeholder.com/150?text=Ad+986
987,Trending Now,Grab before it's gone!,https://via.placeholder.com/150?text=Ad+987
988,Flash Sale,Don't miss our weekend bonanza,https://via.placeholder.com/150?text=Ad+988
989,Editor's Pick,Shop the latest trends at unbeatable prices,https://via.placeholder.com/150?text=Ad+989
990,Clearance Sale,Grab before it's gone!,https://via.placeholder.com/150?text=Ad+990
991,Trending Now,Shop the latest trends at unbeatable prices,https://via.placeholder.com/150?text=Ad+991
992,Just Dropped,Best deals for this season,https://via.placeholder.com/150?text=Ad+992
993,Flash Sale,Hurry! Offer valid till stocks last,https://via.placeholder.com/150?text=Ad+993
994,New Collection,New users get extra cashback,https://via.placeholder.com/150?text=Ad+994
995,Editor's Pick,Shop the latest trends at unbeatable prices,https://via.placeholder.com/150?text=Ad+995
996,Mega Discount,Best deals for this season,https://via.placeholder.com/150?text=Ad+996
997,Mega Discount,Best deals for this season,https://via.placeholder.com/150?text=Ad+997
998,Flash Sale,Best deals for this season,https://via.placeholder.com/150?text=Ad+998
999,New Collection,Limited stock remaining,https://via.placeholder.com/150?text=Ad+999
1000,Limited Offer,Online only exclusive deal,https://via.placeholder.com/150?text=Ad+1000
